nombre,Image URL,12/01/20,13/01/20,14/01/20,15/01/20,16/01/20,17/01/20,18/01/20,19/01/20,20/01/20,21/01/20,22/01/20,23/01/20,24/01/20,25/01/20,26/01/20,27/01/20,28/01/20,29/01/20,30/01/20,31/01/20,01/02/20,02/02/20,03/02/20,04/02/20,05/02/20,06/02/20,07/02/20,08/02/20,09/02/20,10/02/20,11/02/20,12/02/20,13/02/20,14/02/20,15/02/20,16/02/20,17/02/20,18/02/20,19/02/20,20/02/20,21/02/20,22/02/20,23/02/20,24/02/20,25/02/20,26/02/20,27/02/20,28/02/20,29/02/20,01/03/20,02/03/20,03/03/20,04/03/20,05/03/20,06/03/20,07/03/20,08/03/20,09/03/20,10/03/20,11/03/20,12/03/20,13/03/20,14/03/20,15/03/20,16/03/20,17/03/20,18/03/20,19/03/20,20/03/20,21/03/20,22/03/20,23/03/20,24/03/20,25/03/20,26/03/20,27/03/20,28/03/20,29/03/20,30/03/20,31/03/20,01/04/20,02/04/20,03/04/20,04/04/20,05/04/20,06/04/20,07/04/20,08/04/20,09/04/20,10/04/20,11/04/20,12/04/20,13/04/20,14/04/20,15/04/20,16/04/20,17/04/20,18/04/20,19/04/20,20/04/20,21/04/20,22/04/20,23/04/20,24/04/20,25/04/20,26/04/20,27/04/20,28/04/20,29/04/20,30/04/20,01/05/20,02/05/20,03/05/20,04/05/20,05/05/20,06/05/20,07/05/20,08/05/20,09/05/20,10/05/20,11/05/20,12/05/20,13/05/20,14/05/20,15/05/20,16/05/20,17/05/20,18/05/20,19/05/20,20/05/20,21/05/20,22/05/20,23/05/20,24/05/20,25/05/20,26/05/20,27/05/20,28/05/20,29/05/20,30/05/20,31/05/20,01/06/20
Ags.,https://upload.wikimedia.org/wikipedia/commons/thumb/d/d5/Coat_of_arms_of_Aguascalientes.svg/1200px-Coat_of_arms_of_Aguascalientes.svg.png,0,0,1,0,0,0,0,0,0,0,0,0,0,0,0,0,0,0,0,0,0,0,0,0,0,0,0,0,0,0,0,0,0,0,0,0,0,0,0,0,0,0,0,0,0,0,0,0,0,0,0,0,0,0,0,0,0,0,0,0,0,0,1,0,0,1,3,1,2,1,1,4,0,17,3,6,5,3,4,1,0,0,2,0,3,4,1,1,0,3,1,2,7,2,11,6,15,12,3,17,13,10,20,11,1,7,15,27,17,25,4,4,3,48,11,15,23,13,0,4,12,43,14,22,27,3,7,35,19,26,30,23,17,8,38,37,33,42,33,5,1,0
B.C.,https://media.glassdoor.com/sqll/1011666/gobierno-del-estado-de-baja-california-squarelogo-1468500726670.png,0,0,0,0,0,0,0,0,0,0,0,0,0,0,0,0,0,0,0,0,0,0,0,0,0,0,0,0,0,0,0,1,0,0,0,0,0,0,0,0,0,0,0,0,0,0,0,0,0,0,0,0,0,0,0,0,0,0,0,1,0,0,0,0,1,3,4,5,6,3,2,10,9,7,11,16,7,21,29,45,65,29,38,24,20,67,40,59,59,48,34,44,81,103,103,86,97,46,41,108,103,91,108,85,44,64,108,94,103,85,86,65,85,138,128,104,111,129,70,69,125,108,114,105,117,60,63,165,131,142,139,163,60,64,110,104,82,69,40,20,1,4
B.C.S,https://upload.wikimedia.org/wikipedia/commons/thumb/d/da/Coat_of_arms_of_Baja_California_Sur.svg/1200px-Coat_of_arms_of_Baja_California_Sur.svg.png,0,0,0,0,0,0,0,0,0,0,0,0,0,0,0,0,0,0,0,0,0,0,0,0,0,0,0,0,0,0,0,0,0,0,0,0,0,0,0,0,0,0,0,0,0,0,0,0,0,0,0,0,0,0,0,0,0,0,0,0,0,0,0,0,0,0,1,0,1,1,0,4,2,0,2,4,4,1,13,7,5,11,16,6,5,23,24,24,25,9,7,5,14,17,5,9,6,4,8,7,12,4,9,13,5,7,10,4,4,14,2,9,7,7,12,10,11,8,6,9,6,16,10,8,5,11,3,11,14,16,7,14,6,9,18,12,19,15,16,10,1,0
CAMPECHE,https://ciudadespatrimonio.mx/wp-content/uploads/2017/12/Escudo-Campeche.png,0,0,0,0,0,0,0,0,0,0,0,0,0,0,0,0,0,0,0,0,0,0,0,0,0,0,0,0,0,0,0,0,0,0,0,0,0,0,0,0,0,0,0,0,0,0,0,0,0,0,0,0,0,0,0,0,1,0,0,0,1,0,1,0,0,0,0,0,0,0,0,1,0,0,1,3,0,1,0,0,0,2,1,0,3,2,0,0,2,1,5,2,2,4,3,4,3,6,2,5,7,6,7,5,6,8,4,6,8,7,6,11,12,18,9,15,11,14,13,7,24,20,16,11,14,14,16,16,21,24,16,24,16,14,31,32,25,21,14,6,1,0
CHIAPAS,https://www.chiapas.gob.mx/media/logo/logo.png,0,0,0,0,0,0,0,0,0,0,0,0,0,0,0,0,0,0,0,0,0,0,0,0,0,0,0,0,0,0,0,0,0,0,0,0,0,0,0,0,0,0,0,0,0,0,0,0,1,0,0,0,0,0,0,0,0,0,0,0,0,0,0,0,0,0,1,0,0,0,0,3,0,2,0,5,1,0,2,2,4,2,5,1,1,5,2,5,3,3,1,0,5,5,6,3,10,4,7,9,9,11,15,13,9,12,21,9,18,14,18,10,14,31,27,35,35,35,22,21,33,45,67,69,80,39,35,90,64,75,104,99,51,50,139,123,109,106,91,52,11,4
CHIHUAHUA,https://i2c.com.mx/images/logotipos%20gob/Chihuahua%20Gobierno%20del%20Estado%20AMANECE%20vertical.png,0,0,0,0,0,0,0,0,0,0,0,0,0,0,0,0,0,0,0,0,0,0,0,0,0,0,0,0,0,0,0,0,0,0,0,0,0,0,0,0,0,0,0,0,0,0,0,0,0,0,0,0,0,0,0,0,0,0,0,0,0,1,1,0,0,0,1,1,3,1,1,0,1,2,2,2,2,5,3,5,7,6,6,8,12,10,7,10,7,12,12,9,16,11,16,24,16,15,15,32,25,30,47,37,24,21,50,51,54,55,36,39,24,48,57,43,33,41,31,25,58,32,57,47,42,36,25,52,41,36,34,44,18,21,39,26,20,10,5,0,0,0
C.D.Mx.,https://seeklogo.com/images/G/Gobierno_del_Distrito_Federal-logo-C6DFEB1579-seeklogo.com.png,0,0,0,0,0,0,0,0,0,0,0,0,0,0,0,0,0,0,0,0,0,0,0,0,0,0,0,0,0,0,0,0,0,0,0,0,0,0,0,0,0,0,0,0,0,0,3,0,0,0,1,0,0,1,0,1,1,0,3,12,17,24,21,10,26,34,31,39,24,12,11,25,34,25,51,39,49,35,77,51,55,71,80,56,54,117,127,125,127,147,112,114,266,246,225,246,327,197,185,439,429,398,341,503,243,221,477,530,559,511,316,319,283,697,570,668,670,759,361,324,738,736,809,705,816,470,337,916,902,899,866,758,363,276,874,743,812,615,526,127,37,30
COAHUILA,https://upload.wikimedia.org/wikipedia/commons/thumb/c/c0/Coat_of_arms_of_Coahuila.svg/1200px-Coat_of_arms_of_Coahuila.svg.png,0,0,0,0,0,0,0,0,0,0,0,0,0,0,0,0,1,0,0,0,0,0,0,0,0,0,0,0,0,0,0,0,0,0,0,0,0,0,0,0,0,0,0,0,0,0,0,1,0,0,0,0,0,0,0,0,0,0,0,2,0,0,0,0,1,2,2,3,4,0,0,1,6,0,3,4,4,8,18,14,17,18,22,11,4,26,8,18,7,11,7,6,15,16,16,4,9,7,9,9,19,14,10,14,3,3,24,16,13,21,15,4,5,26,32,36,24,17,9,14,26,28,12,23,18,7,13,38,36,36,49,38,27,12,28,40,35,27,33,9,0,1
COLIMA,https://pbs.twimg.com/profile_images/1052027648438820864/HK9vE8vx_400x400.jpg,0,0,0,0,0,0,0,0,0,0,0,0,0,0,0,0,0,0,0,0,0,0,0,0,0,0,0,0,0,0,0,0,0,0,0,0,0,0,0,0,0,0,0,0,0,0,0,0,0,0,0,0,0,0,0,0,0,0,0,0,0,0,1,0,1,0,0,0,0,0,0,0,1,0,0,0,0,0,1,1,2,0,0,0,0,0,0,0,0,0,1,2,0,0,1,2,2,1,1,1,1,1,3,2,1,0,2,0,0,3,1,0,2,2,5,1,1,2,3,1,2,6,4,12,4,3,5,7,7,8,3,7,4,6,6,7,4,6,5,3,0,0
DURANGO,https://seeklogo.com/images/G/Gobierno_del_Estado_de_Durango-logo-822E5535FC-seeklogo.com.png,0,0,0,0,0,0,0,0,0,0,0,0,0,0,0,0,0,0,0,0,0,0,0,0,0,0,0,0,0,0,0,0,0,0,0,0,0,0,0,0,0,0,0,0,0,0,0,0,0,0,0,0,0,0,0,0,0,0,0,1,0,1,1,0,0,1,1,0,0,1,0,1,1,1,0,0,0,0,2,2,1,0,0,0,0,1,0,0,1,0,1,0,0,0,2,2,0,2,10,4,4,2,2,2,5,7,5,3,8,2,6,6,7,3,3,5,11,10,2,1,6,12,10,7,13,1,8,8,7,17,19,21,3,12,22,17,26,17,29,20,1,3
GUANAJUATO,https://guanajuato.gob.mx/imagesD/GTO-LOGOAsset.png,0,0,0,0,0,0,0,0,0,0,0,0,0,0,0,0,0,0,0,0,0,0,0,0,0,0,0,0,0,0,0,0,0,0,0,0,0,0,0,0,0,0,0,0,0,0,0,0,0,0,0,0,0,0,0,0,0,0,0,0,0,1,0,2,2,0,1,1,4,11,1,6,1,4,6,5,4,1,4,2,1,2,5,3,3,7,6,8,2,2,4,1,4,4,13,14,28,10,10,14,10,13,9,12,11,7,26,17,14,16,14,9,11,33,22,29,37,42,27,22,40,52,43,52,38,33,19,55,69,58,61,53,51,20,112,90,99,132,104,66,35,12
GUERRERO,https://upload.wikimedia.org/wikipedia/commons/thumb/1/1f/Coat_of_arms_of_Guerrero.svg/1200px-Coat_of_arms_of_Guerrero.svg.png,0,0,0,0,0,0,0,0,0,0,0,0,0,0,0,0,0,0,0,0,0,0,0,0,0,0,0,0,0,0,0,0,0,0,0,0,0,0,0,0,0,0,0,0,0,0,0,0,0,0,0,0,0,0,0,0,0,0,0,0,0,2,0,0,2,5,1,0,0,1,0,1,0,3,5,3,3,1,2,4,3,1,1,2,3,8,11,6,7,5,5,12,17,7,4,11,13,8,6,16,7,13,19,23,13,17,24,25,31,18,13,38,26,52,28,45,36,38,33,32,44,57,46,67,56,49,40,123,108,140,129,117,59,63,103,83,34,22,1,1,0,0
HIDALGO,"data:image/png;base64,iVBORw0KGgoAAAANSUhEUgAAAOEAAADhCAMAAAAJbSJIAAABNVBMVEX/////NEdqwR69FiIAci65AAC5FCBlvw6i133sLD314uP/JTyX0XH/p6xevQBtxB0Aby/p9eP/o6pCmif/HDb/2dsAZgprZTXs9O//L0O8ER7/Izr8MkX/GDO7ABH/KkDa7s0Aax2y3ZXm9Nv/8vO6AAj7/vj/uL3SIC//l57/5Ob/9/gAdSwAZAD1+vChwqvx1dZzxDGKzVio2Yfd8ND/h4/nuLqQz2L/ys3M6LvMHSv/VGPXh4v/bnnTeHzA2sCOtZwOhQBon3g7h1NSrCNftyDA46jG2sx6qokriSpUk2d6xzwlfkO1z70yjyjY596lln9nWSzJUFb/OlLAKjPclprENT7hpajF5bDKWV7pwsTFPkaCykv/UGD/Z3LRQ0KzUD2JWjngPkTESj+eVTtEajLOaW0IMlu3AAAIBklEQVR4nO2de1cTSRDFSTKRRyQGjZGEJRDlsRhQfOv6WJT1saDLiuATXffl9/8IC4GDTA/03ZqqSk1y+v4/ffoyza3f6a6eDAwEBQUFBQUFBQUFBQUFBQUFBQUFZVc/D1lrTtfgyuNBY+V1DT5pnTuTN9XgdU1/c6utyi/WDm8oGhyPWlHlqa3BfPmZnsHntSiKKsYG8+VpNYNX9wxGi8aLNF8e0zL4omOw8qu5Qy2Da62o49A6SvPrOv7GX+4bjOyj9LSKwY0Df3sObQ3mBy9qGHxViw4dGhvMl+8pGFxZOjQYLZo7vCRv8Mn3NxhF9lF6RdrfLqgdMVj5zdqhOHdvREcN2heLwR1ph2sxgxkoFuLcvRrFHfYfdy86Do0NynP33FLcYf9x90Yt/grti4WwwYHnTtBYR6k8d1/NWpTekXa44jq0NajA3WtZi9L30g5fOlFq7vCmtMO4wT7k7nHn39CcuweFDSbKoXWxkOfuV1krFkPSDt1y+BQdmsAp8gYos4vFeUe/X4jp9Wmga2CGO+D5O8Aid5OmvTlZjWsqF9MbNMI6mOA0eP5eGQzA4+6ZrZ9yXk09BCPMoVeAdpGeIYesw9HlZuNH4HABDDHGneBp8CdicfftYuPUsN/hxDwYYxo4vIYmseN3yOLu7WKhgBxWz4NBwCLDp7egGHE2aR7tGiyc+gE4nAGjDIFXgCZ4Ba3y9Ny9OVvYk99gLoeGue53CHeRbiKHabl7ZqvZMQiitH4fDeSfHy4W75WKxW6IdgwWUJTeAgPNcSd4EVWbdAZ3Q3TfIAqa0igY6RJyiKaCkCZdsdgL0f/nsHoXDIWIBBYLAH3pDke/HRqEUTp5GYx1ERQLNEGIRCm4u30QovsO/QZzk2g0QCRwFwkiEZ27Rw5C9EB+g3U2d6MJQu4mH44uzzaOGkRR2nvcfRiiB4uUy92QSNAuEkAinFSuGjGDMEr1uRsgEbkpcaZYiDtEVIq4GxAJ3kWS5u5lx2EBOJxA3H1Dm7uph6O3XYd+g5i7AZHwuXua6HC7GTfI5m6wyLrP3d8ch1zuHsgcd7+lRak9d5OLhRulfcfdI8RiYc7d5MPRj8QoraIBM8fd72bjBlGUfkYD7jAniJCIzN0PiFGKuBtu0rC5m3o4ukmL0h7k7q0uczfsmkTcTT0cbUtz97OyX3AXCUUpm7v9BjF3XxkDAs/DrUgud4MozdWJ45MFkWiaOKDL3SBKMXdzJX446nA3jFLI3VwBJNLn7rMaro4KHY6yuRtFKeJutsBWJJ+7/QYxd3Mlzt3kYqFi64ggEplzN1eQu6mHo+LczRXcpLHmbrbAViT9MpA0d7Olzd1oNxhyN1soSqlNidQohX0mXEHu5m7SIO4uqdg6osDd5E2aR4G7nUXa99w9oc7dYCuS3JTocjeKUn3u1j4chVHaVvH1XeJNiS53oyjtee5GQVO3527qJs2HXuNu8mUgl7tRlKpzt3RTYoK7/Qa7wN1+f/rcPdnz3A2iFB+OciV+OOpwN2poC9zNl3hTosvdIEphnwlb4tzddByCf8MucLdwU2LmuFu9KZHN3fNn/UJrQLwpkcrdsL/7frXk0yRCIvGmRHHurvsH4LbepuBuYrFA3D0z6R8AIpF4U6I0d5+vgneIJqTdlMjm7vkJ7/MYibSbElGUwkW2MOV9Hl95025KRNwND0cf+h1CJJLn7nixgFEKF9kbf5ZCJMo8d7f9rxAjkTh3fxLm7sugWEwhJBJvSizEHcIeBbTI7oIohUikfRkIRilaZKMl/yuESIS4m7tJg6IULrJboFggJNJuSoRRirkbRClCIvHDUSp3f0ED+hcpRiL1pkQQpX3A3f758bkbtgD0PHfDVa7N3ShKe5670W5wbgoN+MUfpd3n7ndd5m7Yeit+OOpyN4pSyN2gWPC5m9qU6HA3amiDfSbq3E1uSuw57qY2JVK5u4oW2dle52643w24u5R17saX8D/3PXeDoOFzN3WTpuvcjVa5eFMiNUq53A1XuXZTIoxSyN3+KMWrfP2MV+ymREilC6N+PfQHTf0+eH70nF+PqS17LnfDKJ3yngyWSuBgLVcHzw9HFZ9ar4gGqdytrz+c38+IqbW4QTVI5W59ffU4bK2m+OLsJi1K9fXnyQ5rT+j+EsUCRam+LpxocOlqGoMud6Mo1VflxCVKzpiOlolbGPo6YZG2InrGdETmbm39dbzDVBnTkcvd5lH697EO02VMRy53WxvM/XOcw1qqjNnXVtaKxevjDD5Pb5DK3fr6N/kvWBlnGKRyt74SxaK1yvCXgru1Nez+G9ZesAxmn7s5GdORw91oN1hfX5dqMXEypqOscXdpfjwm1o9XdJQ17ha/i+NeBjKPUvG7OC53mweN+B34rHG3/F0c9zKQdZTK38VxPzprbFDhLs5WxqJU/C5O27kMZB+l0ndxRjIWNPgAnKqscTc+AKfK5W7zKBW/A+/udxsbVLgD/yFj3C1/B76QsSjV5+5ha0lHaeIS/ilTNbdGhA0mf+zBVMVN+Q/CuB+/MlXxgbi/JHcbqlG8rWDQvYRvqGZjWcNgu5EVh7NvdT4kkriEb6XiNxV/x/zYg40axW0lg4lL+DZqFD9qGUzsd5tIocx/l8vdFip+0POX+JE1E4MaZf5QiY9fdV1KZf5QCe7utpoFxX/BPVlz9+wn7U8vPija6pGyv4GBmRFbqRsMCgoKCgoKCgoKCgoKCgoKCgoKCgrqb/0HUy+IASA/JZ4AAAAASUVORK5CYII=",0,0,0,0,0,0,0,0,0,0,0,0,0,0,0,0,0,0,0,0,0,0,0,0,0,0,0,0,0,0,0,0,0,0,0,0,0,0,0,0,0,0,0,0,0,0,1,0,0,0,0,0,0,0,0,0,0,0,0,0,0,0,0,1,0,2,0,0,3,3,0,1,1,5,4,4,0,2,7,7,5,1,3,2,2,3,3,1,0,7,3,5,7,9,4,5,9,6,14,15,10,16,19,16,23,18,24,23,24,31,25,21,28,33,28,39,37,32,23,23,48,54,44,64,77,51,25,80,69,73,94,74,44,40,79,68,75,81,52,28,19,21
JALISCO,"data:image/png;base64,iVBORw0KGgoAAAANSUhEUgAAAO0AAADVCAMAAACMuod9AAAAZlBMVEX///99hox0foR3gYdyfIPh4+R3gId6g4rO0dOIkJVweoGorrKXnqJ/iI729/fv8PG9wcTd3+HLztDDx8nx8vOMlJm2u77p6uuhp6uZoKSRmJ3Z292us7e4vcCqsLPAxMdpdHxhbXXJZvDdAAAaAUlEQVR4nO1diZqjOq7GlrHBBAj7mpD7/i95LZs9kK7qU2TpKc03p1OEJP6xrM2SbFm/9Eu/9NfUvHoAz6TiVrx6CE+kmtevHsLzyGGCOa8exNPI5x74rx7EsyhnpZXR/NXDeA6lVCg5xVj66oE8hSo4nS+dL6pXD+QZ1EgAxhiA/F9QuhdvoMurh/JLP0QuiEcE7qsH+JNUMPIAKyH8n+LrFoQ7UeYuKCOE/VOWsxAPrKeAiux5QzmeIjpnVY95i3c7gO7JAzqUPDFnVY8u0bri37KshJjL3BXakP1bjNxQOM/+9PgC7Rl48uQB/SA1yYriemLkUjImiGBMlsP9n83I4Q0A6Iz4jJE9yjlR+pWP3Fww8dGhjAsQf6FQySRznfxyqUV9ueRD+OLCIX7RQH+G/OVsdcDC+d9Xel3cDMFTRnUUNYzO5Q5ZydyFTFaM/Omu7knA9IdNVzLXkzO0OfBPD8mFEtrxjyusZK6Tz/D5RD5rVIdRPluq4pHMtako99/9EFKG/ql/2VDl4uwSJ/TTGdkqfMKGKTsx3hMhgP8A6V9oovSlI/0BipmYhHLs9HTm/KxfcMKdiT49Gucp29C+v3wGYl5Q8vHzOVKacci27AV3kNP/ENqGC9jc9igojcyrfwfthRFxitdeEFIpekb+Z9AGNcNwKd0igME6lvTzDQpFwak+7VM9SC6v8B5+zS99LgXOZ7t436IzUHH+B/AGRdTY4cNb4hI4UYIM6kd400gZWdHjb3opBU7pM4bCl2V5tHOTTaggwEqXCnD3TEanFIyiBc14Fb8lDwStUDh6UirI3YyZxkoZM78tFKKKAdt09c5Ef5GafdwVBPDeLx6ZKM9NYQRfETCuhkv9+6mzJeHuMO1BTul9iKbxQT8tv2rztnS50tLszbb/ghMlgmadrdkuKJITVWNm1zUXZoLPp9MWbB1sVJaYmv06HlZs0HiU0+ydpjdV88HqhdMTtsoNAn8J12ZiuScdMba8o0THv15ubgat4pX32e9Mcb/5jm3TWvH2EtyFw+q2ii3EmfoI2QjJFe4qQvtKcoVwB1YLwmlYLSMwjxvbSva4Xuf0d4SFc3EXG0K5AjvOYmA7zsguFfXfRDaXMEaLE5czxk/DBF7oYstdpxwI4EZ2C6VfgIsZ3FCxMR3u96hSZoyX/d8lPVnvQA0j/XOPQY3QdynIwb1VD2KSSgUTp5pSbrJNQKFm7rkScpy0FggdpJar3nSVySVYad7P5FvsnriCGYYrmSwbNbS0hDFDVRA+gimYmrigSbyydLO69BK8+QxsZFcxbSlcWB2iQC6ZAF9zfgriSYAekUO5Cb/U1B3GnY3SSVnEk9Dx2b2FVU5zazNChzUw+v1hBgI03ES+QbJC3W+BlHSKkHfj3kBIZ1sGqXsXRI/5lMsaAxE98kJOoR61Gkx+iv/6jKq03wFx5GwsDtBhmhfJmx3NFosvreb7BBcgw3fY83msheGe7vXp+TEYqbtIIpktxhpm81lQQf2un/agqaQyQCZzOufjBkooJ46wUsXh+JngNk9meAl5XLNZzOYWryvosBhrPn/DRxOYuafSO7mUYgrczGo4T5rMInORdAXQlrL78o3PDLS+rOZ1Ai2f2Ndd2BeO4lx/yHcEvxTzDS+HkzGBLJ8nVNnUTPr15VLZN7ky/mzL0jM2hfYQAk4XK9UVfpBkTPvAieUujI+QGdsiRTvCp9P+diDMVCe343B8jXyDhs3iw5yAmuhY4siVwbFwXxqdGRVETRRgEvoyG9AlOupeSD8JbV9OD8InDP9xbkeh+Cr5Rp/O0AZU+GpVGjve5yuHvYVx06TihC+kbMf1XCuppBxlIqfH5L4ZWkono93BlCFCUA3n6015HLkgSRqkifISYRXfIMZp8jG9iM3e8/WXWfHtAADfIpfrdevSmSsXOF0sUFDF7M5bD5UbSDgFiv+us0saSaBC36nrnNlTKvrEwMvLt1NKw6olLAd+ARqpUbP17pdy+nipwArBWaUmd8XnsWLiMixW8aoLGAumenkyZGeKthT3LkIXJfhOzeSSU5u4QjRq7r2q7ELrSgmINpnzegMgmOsvLEwlko2xQlvrxWQzo0RWYYqGUSnr1YZ1fBNkEXfzmJrqJXsGJQMqF+GLwX+Obq/PzwCzV5vQJVeGSXJv1WYiWw64yQi9W9nx8pM5JVI/toq9PnyRA9f/ugKqP41GadLlhcCHP+VztordPfPhN0g0SnufDkNxcP5DrCyRC0ET/CnDMYhRT5kYzUluZHI8nfLe4QmJGhjzd/Zve+HcyllouPD7sEe3/aHaZxiVNlOayJf7BJr83v5DAUNIH3Ra02AH5nLMLLpQMLaUYo87GjwHSsxKtxl9jwh6CEOdVnH1gVFC3A0aFl0jJCvPzrlklJ0MG+db92M01q3b3miJKHuXrCqbgjvuZKQF0Mcxhs6Vihir9vYB9fdQMkuCTeh7RBw1hT6dFEkA9E/iJGyc5hFUS8eWRwEWVuy9UiE9xtx+QF9A+wWa0EalslPeZl/EUFFJKXRg/2fRXoSU7ltNrKEidwWurh9F67GsfbWaLeK8La+5DvZPZLfaWP4ZtAHTaF2oFl8WREl+La/n5mnq6OxT9LaRaJYMgBuXKV/F+2G0Zwkz2Z3UwKQh5l6eATjhwBk55V2S5JWvEJ/ORRA0J9yc1nH/H0VrRTXlzI3ToGg8paF5HdtFEdpJqdbz8XZzJ4mYrSS7xfCh+p8Q1M/10/4S2j96MwNa9RMe4A/g79TzpLKouosV/DiVQnjN3HoIukzXro389ke0wcVV/OE+Tg+b0Cpyasxfyec/W1zK0/GtfRqK0f5l3kHaNHN8f0AbMxBoBwN/ZAsi2jm6dPls2pvipnVawwHUAuHc29eATi0eoo0Zob6Xl4KTh6avJATKXRMUd3bp8YlFFQf/gcmaEAnkEdrIxNbxVqVRnX0bCdFyVu8/kNS7HS2mKmDX3TfTnN7cJHnAyYVLybj91yhmZbvbdgpt7lKg2T4bNQe7vGfKdjfIg5bd6gjLCnbRFkyt+Um0ZMofZntF1RJ9ICV3ge4bjsXtSKmcMr6XMx60UlZ6mTn7aH3BL8XEvEVx4WQvVCPNOyGmwm3kEBqKj9zAPsOQKhAEy0HmtMf6CG3E7jK/HL5dXoKFFv1zSK8UlulxwfTr4sC8okwPrWkzE4oZR+AImY0Id9E6lNxnTqiv2s5TJjP/tmR8ypnsJAfgpDrjz1fyMPsR7YYgF8quEYQIf/idopZkNmd7aCMmGLm7WjGybSSQOY/bNQUx/EaDGXNUTbgbW5fjmlSlDHJBGXhNKWDM9TszuRDTe2h9UQcbs2j72/3/yHJFOwB0iFcXFLzi4iuB7ZYHhqsE5wzT+k4wzkeaSX8JbgetQ+m2ck3pZnXuCq0VKHE1GE+FoErVNkpg8wNbR4SetoazKR3E4XK9FbWDtty1alvYKoVao8VoJQx+QMF18kpRng5PKjrxcYerlfectIPWhT1DoqFbE+SLu5ySoKZDbqfNnrThd6FkCGRX0r0f5x7a3eYsBdvicfceLSo67poZd9hTmugVdMxGrNmWtttBW+8pVsumckN6baLFnqYmydO6jrr/SKoF9PZUzTbN1B207W7jt/Nml9JttJis3+cHu/x4Xo7YkINbbte37KFVK207YJ5yvrWid9BaEe2lRkSP3xmqRN9xJpE7MnZP39awVVxu2TuwXHFvimhqWL8vfjpcUIW0z0BUlsbOstlDmyr7YMuWEmz74eyhtc7cKAKbsT+O979RwrkRNtW6JOnskkyH4Xbt5LTe2Juuhb9996nfJ23aas3oQ/um7OjdoaErVsFWksWWWImIe7MPPD5+p3MLSncU00lD6pRVDmzFsTE1WiGhBwcvWJ9m6q298JSRzKeEXR+hzSldRhobstv38IQZGTXlJK/ucjNccyWkx7actqkw6off5bf4SjM4QtDkQexCjR5maqsCZfrumX4nqJSJqqY1BFiHEDowP+8f22AtBpOa2LA7gZwKNbxAmdCXRxHWM5mS1JXE43eVfiPVvC2BntEDFmtMYb+fW2+UZfwg5dxEH87rpWThakLhqvTJw5ijmq9eLGGOyYOpKYUvUNU0dCPu3Ceje3dplD9K137eWrphEPgYtCoY2UQ7zmFKlKOaOEnJxZjyFjn3/FxiJ1oL2X1jcfZNUfLdGN6PkNdHxjcfagtgRnmH1snYFEkLSqz34nQsHypwi+euD17ZV1iwLfu6Nkv5eLR60N5WAXCiXWs1uSu02PBDeavTSi+UbhZTrXlEsaxvbXSXJr1eOUgbnGICZNb1WLQ5mDnIN4qi0XDFgd3tjLjYTorAfI9drYjxdVyddBUjXYblcXvN0s7vxji4EZbVsebFYEo59xrICi5cT/x5JZM9MLX0mT3WkKtrA1rHvxWuuWFpQZaGjRIg92K7YOZed9vo/ClSDoie1PB+nRUCTKFwNKYqp1g2ErKhc0AFrO6F8Ii2kvTs8f6GhWWkph8d2Q7IvfxPtITAGOih+jZQS0y/cMXaW22BmNlIB+uivN3kBevVkHyaW5Het8HAI6ItYgdDcB1aoT1chaMcdmmvpiZTaXhyl87ZFyE19ODKPrUoNTt2sLZvW/Cvsi9y06MrmRN2N8czbSGyi5IoeN2Xpx4tPgvsjCBPrbmHBq7MyM0I76vRPJF0CF0p3CHR/Xq0y5f0ZlzACSy5CPWPedQ9Wh039dzczC0LuhtPNU6n52Sik19Pt8Tq59Zt0c7qCzmvJtYRVBas0GqrTf/CTnzgx0ihNLUwCV3xcqWccj21QyZCh/clzIF+1VpFhnElXXWq0TolSiBlWJRm4Qovw7mKTby1R2ulQxHOSIMNFm+4yz9M3tAFrV42mknZsAEVzgsq6iygZuJ0FCkF0/28l1K+nqS8v4MVmeYbwzMtH0Ia14VjF2RDkwyfHl5+HMo+vhr4Yu6IK0+9X8jNDG1yc9SwezAXK1Yj1RHDHu2ZK1Hk9EJbGcXnmV7LR4FbyBkrR8qtMI/7TJ8QdGyhn8RAWQ2sNCunyIDw/obrpG8LnStQjXPnQm9RDRqIcRn1CkrHxWd7JIMDYmHRyMDLYclEb8btxwF+lNTAepdA/bSgfn3NT1SQWWOAEW1tDPrEwBV1XWdmlga0TtcNUkxjsKeC4nxR1korx3bOJwowpPO4zzmqw2YjsijTLe8A25gP1sZ5yjIJ+hRqOzUaZnJmerRBEIaOZvRh8tpxSyjnU+8L5chiXz2OTbj6Kye+s4n209TRqU9s5Pk6Ta2auegj2vSmXzi3JDJr16/LXLOfRutL03RWG9FWqe+djq5TaGctpmMlF4Trjeu34k87Bu1Kycy/DRtdTGsocMXMvxXa0PcVm45tp7g2jDRadSvlho+545tu2faIVvHIssxvJpKCDJ54LNhVeXWbpU6hL0g9oW1ubZBm6O4hVM7dNpfagDJoCRRO61K1ENC80EHibFyMCa2V5NsMKjYgnnoG2lkZCRs7lB1VdtR15vFF2U2apjSclLrI1LZx8ryZxxfGpTAuX9txf1yMCYvVr8B9Oo2NAffnHubQKGOdi3YeYAnPBADsMb5hKDAyt1y2NJyjtUI7Ko0Yq2YgEpkos0oxe7b4qKPk//YWy6GETYOBifLsNHbjdEpagemgs0RraZnrC1jUtM3RFjfKNdjlMTKIVulxnUSatXETRU2c14wLgFcUphYetn/DBkqmr5DyXrWpsUKbwGA+zIToHG2lW95to1UPS61rbIhn+rhiInj+opqvwCkFNVVplI7pwytO1poHVs76HC1KKJ5h34/F3nc8lCorJQfY7xDhZvlrSyrCKO66Lo5m7S7maEPUSKKM8L+zgPsKrXoQKLkXpqAzK8wOisZx/tQV8zU0R1vrFSkbK+ZkHimdo/UAjaZGIrNfJkCOfK7c/Uuao8UZ02a88iXmMaQ52oCA8AIrBvVkZrlEH4jWU2IMTcKYkcU27UIDBZX2A4O4EjNb8QPRdj2qYN79w1qhtZy+EVc07zb1gWgbKjJ9XGYFbjuzEmZonUr0xwOdlOk02WfN56FVlgOTN0tn68KsiZLHxgWKqlr/0bCFTv5AtMosVoQvsIBpSgJz8kFAR3hGlH4MpXrhT6boJ6IdKSwUfSeO9NFov02/aN+Qfgit/SloIf/vgd7g4H33n6ISW5qc/tOBBIFzYnD8TsBPUEzw4EgqvL/dkorUWsCujwdvaf0URcpUQsB+/n0fLcx9iumf7eEFAz9IihWxqTeb6uq/QtjqkStDsnyXLi1fprTDDkICoPrq0JsKAINQ73kewx/JbonmaPgCWxat4n6g/lM6HRxFTYnBcSVyzo9QpGeXKXcfvFc38vjPFMQZ1cdU1HsbN05N1WKlpzfsz/I3VOQ+KiVON5RS5CFUlnWfuVi3SYPCA1WWbRxyjLlT8VHq5mukGBa37UalhOpGyWD+eermaxR2JvBPyyZoKorqpv5QdfM1sluulRJH29C/vGM8/GdJGxFoR3+8uvkaqRX7r6ibX/qlX/psSq9DOltQfUSU6euU5rVbL+Nvthw2QJwbbHzkIQV59b46qmGUMc7nh0tY9lTw8f2ujAF7i4bJmxQwqO3wQk2uZRHHiNqmtPBOuG8XRFrBpk6iSw+cRv0/tMI4tMs+ttF/ZPaNfS5sk7zfgaq5gZnoPg8lUxPtIVqCp5r5gRVL5OQzdmNUf+WyvkrJrIy5kgldjaA/Mu3enjO/0zl1tlA3rgsLXk41n6q/Wua3maCtPvyliQFK3NHEzQ7IbY+W1gUEydWc1sJ1GoIlRjkFr5ySF2tG2gr3HAKKH3mLI73m5PJOjflUna5YnIvFEIL367YUzKCtcP4D5iNazZw1JoeWWJeh+yK0AyqH4lFeWGkT41EyAX2fswcN1VigWWHbQax3snTJV1hotDlIg9YVxPd9WluXvgFLjW37PPXJEI9zs4oBlT7gQq/b3BxDSt9s5V5At8HAQ9YDiWg7NcRCdy04qSeg0dbCv+R5XtyjDQxa1rfSqDG5T6M9g2jVR97NhwiYyEINSP1HRpaVccWDFGKroXA1aM8UTGBqgbbkp0C9yhF3n0BWYtP+mKsnYDN4s+NgDUUMqOC6oCME1vp66SWSCor1Zw3Dx5BRCuL/7CXalip5FnJZ1oz3y9NhUJWSiFNqlcrxJ4e29vs7KkplXhA9E0HrZq1myqbKar1X5+rykTxz8c+EGIvSI2c8Ozcr5h9BKiWTsUtvKXYR9rP96vpXUvogRP49qRolhXL639aW+qVf+qVfeidKw/C7SqHYbDvibInd4p2EcZJx9Nzd/c7VG9Ssj31CConcspQcKfda+T6bHAGiL5j9hmcS8Lu2ApYu2t1qCedwclwz2W/RBfP/AXu+0u/U0m321w2AbKNli9NEX0eYRAxuZwdBGnXZ1/O3HPgGWrsU8i3QYmHH35jo30Jr/U3Q7gBSDMn/DHbdONtaoJ3eXKJdfijYvKoE294bB1AlyJ1odYaTty+64CPNXQHgjrI2uNSue1If1Gjt0gcgfcLJDK3tza47fn9V+T8cfE9LrKJrsM0u013wu8wH7rcHA+bkrmQwHg5hqyh2NAilrtsTw3nsjkQRjiWniDbp61ON4pnQLq/H1LSmyagYZX8uOQVdInULLL8vc3x8mN9/pZSSuz7tgpiKD9v0lfIw1QDHwoarmEzDe7Q6OU6/my7QLq/HQLAEQR/yoZ9VpR6iqW0Ezjxs66HeMAXoBxIi0rEWWwfHfAxPyB6tUpL4JDJKvNzzh7NtXTXALGmwWw3GGyVz2xxbl+jPjGin6zw2aPFnOknLvM3UVWpFrqdn89wksdUyrt7AtlWHdjjEbsJGWBoeQxZjM7QYZDVzXwvdrEg9HlPQFGgpFVy1YgkVyusCrbe43qNtzLzn3HSeUku/j+TEZumoJ3ho5HWcWyvyJZbvrNBO+3hKBmNs+ALENGpIFxqo7wt2p4H66z3agbh5xJVYraKUkUO7QGAHxgFREMI22uJclnnHNVpvABkOtlTTlmXn3aOdXx/RBolXeTExf1ViwpYmZdXGcCxai86OmsZ2RBto8cRIKSkxaEV/v3oX0YYungKsJM4KbeEy9SHWXx/Qdvpmeo/2MvzGsWix7eBgrwebc1tzqKOw6Dv2KbRGExnrIgUBbRHa/gptygUkYahQztF2TOBXqfW6Qtsy4Ttp2B49txGb6r3HueUztE5/+MDZrFtsSBJMaEswU12tOLnsWwku5jZQy9KasE9oQ2mOhXKORouNr6A/4aRHK43UDZUUVmjbvmPB1cytM7SEN2jdvsD6zMUgk02wuRf1LhGTTI6oUTA2HaRUj009V221dUCO7gVeq9mirlJ3FZaIh6bs3T25aAUotNhv5Zx0FeZvdl4QoMsUB2nsa+siU1q3CIsEu6IlLaIVZdrY2Fj2GoaFYk193aBV6o43adhkOOOXaEKLVkcbJ9g5EdqD019zfVg8EvVxomJmGjgg2g5ZXdk7xt8HaetWWugKG0sA/6K0b8QjzJNit0YzPKNU25ysHHgX8MBypjU7briMaPUj5L3xeGzfWUwmL/XpvUPwyJN4ELFsa8Ausr4JbIxmYI09mYR0fJljF7A+6oEAMrSxldjyl9eVJdGj7ZuOCX3VsU701q/SEmZvPLtqyD5XpzJSDgsq/4Kouecsvsq+t1dTnk5l2p8wp0+no6TwKRU6MaOty3R1PR3l0gk7l7CykRSbtDrJkJ8eZPo3WuWQsFcHsJyrhyUTzUaXYDQLPA/PUW1WmSNpN7s+Whd27qFbbzvrCWxaD5PY79/4QFpZjv84Of87aIM8Gqyn/wEKbqhz7hsW/6OEiTnyI2pvf4IC5fu9Q3z1l37pfen/AYnBReovKkRzAAAAAElFTkSuQmCC",0,0,0,0,0,0,0,0,0,0,0,0,0,0,0,0,0,0,0,0,0,0,0,0,0,0,0,0,0,0,0,0,0,0,0,0,0,0,0,0,0,0,0,0,0,0,0,0,0,0,0,0,0,0,0,0,0,0,0,1,3,3,5,2,12,6,17,10,5,1,3,8,7,7,6,7,2,2,7,7,2,8,10,2,2,3,6,9,5,8,5,5,10,4,11,8,14,7,3,9,16,25,19,32,9,9,22,14,21,26,15,27,16,26,20,25,49,26,28,21,49,36,29,56,62,17,30,54,72,58,61,70,39,32,84,114,131,103,133,88,8,1
Edo. MŽx,https://seeklogo.com/images/E/Escudo_del_Estado_de_M__xico-logo-4E0659092C-seeklogo.com.png,0,0,0,0,0,0,0,0,0,0,0,0,0,0,0,0,0,0,0,0,0,0,0,0,0,0,0,0,0,0,0,0,0,0,0,0,0,0,0,0,0,0,0,0,0,0,0,1,0,0,1,0,2,0,0,0,2,1,2,2,3,12,4,10,6,7,6,12,10,5,5,14,23,25,28,43,27,18,50,33,51,48,49,34,40,83,71,88,56,88,76,85,153,159,175,181,155,160,153,255,270,243,257,305,189,199,333,326,311,291,257,223,228,470,321,313,413,409,225,203,521,451,487,415,455,245,254,535,423,473,511,518,195,248,571,433,335,206,95,23,5,15
MICHOACAN,https://upload.wikimedia.org/wikipedia/commons/thumb/9/91/Escudo_de_Michoac%C3%A1n.png/1200px-Escudo_de_Michoac%C3%A1n.png,0,0,0,0,0,0,0,0,0,0,0,0,0,0,0,0,0,0,0,0,0,0,0,0,0,0,0,0,0,0,0,0,0,0,0,0,0,0,0,0,0,0,0,0,0,0,0,0,0,0,0,0,0,0,0,0,0,0,0,0,0,0,0,0,0,0,1,1,2,5,0,3,3,2,3,1,1,3,0,4,4,1,6,2,2,6,6,4,9,3,2,4,12,16,9,8,14,7,8,28,12,12,19,22,27,20,32,29,23,26,24,16,27,42,20,35,29,43,44,25,69,58,100,77,102,44,27,66,67,99,78,97,20,32,115,95,78,49,38,0,1,3
MORELOS,https://upload.wikimedia.org/wikipedia/commons/thumb/5/5e/Escudo_del_Gobierno_de_Morelos.png/1200px-Escudo_del_Gobierno_de_Morelos.png,0,0,0,0,0,0,0,0,0,0,0,0,0,0,0,0,0,0,0,0,0,0,0,0,0,0,0,0,0,0,0,0,0,0,0,0,0,0,0,0,0,0,0,0,0,0,0,0,0,0,0,0,0,0,0,0,0,1,0,0,0,0,1,0,0,1,1,0,1,1,0,2,3,0,0,0,3,1,1,1,3,8,1,3,3,8,6,6,7,2,2,4,9,10,10,8,11,9,17,27,17,28,28,27,13,26,45,25,39,32,26,25,42,42,38,48,47,30,20,24,40,52,46,28,35,11,16,37,45,34,42,43,17,16,44,45,25,36,21,6,6,0
NAYARIT,https://upload.wikimedia.org/wikipedia/commons/thumb/2/2f/Coat_of_arms_of_Nayarit.svg/1200px-Coat_of_arms_of_Nayarit.svg.png,0,0,0,0,0,0,0,0,0,0,0,0,0,0,0,0,0,0,0,0,0,0,0,0,0,0,0,0,0,0,0,0,0,0,0,0,0,0,0,0,0,0,0,0,0,0,0,0,0,0,0,0,0,0,0,0,0,0,0,0,0,0,0,0,0,0,1,1,0,0,0,2,3,0,0,0,1,0,0,2,0,0,1,4,2,2,2,2,2,0,2,4,4,2,2,3,4,3,2,1,4,4,6,4,3,6,11,13,5,13,7,15,15,15,24,17,15,6,7,9,20,19,15,18,17,3,6,18,24,17,19,26,12,8,20,30,31,32,25,19,8,0
N.L.,https://upload.wikimedia.org/wikipedia/commons/thumb/d/dc/Coat_of_arms_of_Nuevo_Leon.svg/250px-Coat_of_arms_of_Nuevo_Leon.svg.png,0,1,0,0,0,0,0,0,0,0,0,0,0,0,0,0,0,0,0,0,0,0,0,0,0,0,0,0,0,0,0,0,0,0,0,0,0,0,0,0,0,0,0,0,0,0,0,0,0,0,0,0,0,0,0,0,0,0,2,4,0,5,6,0,6,6,9,4,12,4,4,5,5,0,2,8,2,3,4,0,0,5,2,3,1,10,7,9,1,21,8,15,20,18,6,12,9,6,2,11,17,16,6,6,5,9,20,28,23,28,26,22,10,41,63,26,22,28,28,21,46,36,67,38,73,28,8,42,38,62,35,46,28,24,58,103,23,20,12,12,9,10
OAXACA,https://seeklogo.com/images/G/Gobierno_del_Estado_de_Oaxaca-logo-9AC6BE316B-seeklogo.com.png,0,0,0,0,0,0,0,0,0,0,0,0,0,0,0,0,0,0,0,0,0,0,0,0,0,0,0,0,0,0,0,0,0,0,0,0,0,0,0,0,0,0,0,0,0,0,0,0,0,0,0,0,0,0,0,0,0,0,0,0,0,2,0,0,0,0,0,1,1,1,1,2,1,3,3,1,1,2,2,6,1,0,3,2,2,5,0,5,1,2,1,2,5,4,7,5,8,6,3,6,4,10,8,15,7,13,9,17,12,12,14,6,14,24,32,22,23,20,16,27,52,67,69,64,78,63,16,123,69,68,93,75,80,29,68,23,43,60,52,22,9,0
PUEBLA,https://www.elsoldepuebla.com.mx/incoming/k1l839-logo-puebla-incluyente.jpg/ALTERNATES/LANDSCAPE_1140/logo%20puebla%20incluyente.jpg,0,0,0,0,0,0,0,0,0,0,0,0,0,0,0,0,0,0,0,0,0,0,0,0,0,0,0,0,0,0,0,0,0,0,0,0,0,0,0,0,0,0,0,0,0,0,0,0,0,0,0,0,0,0,0,0,0,0,0,1,1,4,2,3,2,3,3,5,5,4,2,8,15,6,14,9,13,4,14,21,13,18,13,10,6,22,12,20,11,8,14,4,21,14,24,19,29,23,17,28,21,27,29,37,39,23,31,42,43,43,32,41,28,48,29,41,58,42,43,32,70,65,82,90,94,68,64,118,121,116,127,146,111,63,140,103,148,116,89,63,18,33
QUERETARO,https://encrypted-tbn0.gstatic.com/images?q=tbn%3AANd9GcRlX2lpUmqbRGV3Ti1p-M0ysEym5tNWnDcXsiVyx8dTNNisLuPq&usqp=CAU,0,0,0,0,0,0,0,0,0,0,0,0,0,0,0,0,0,0,0,0,0,0,0,0,0,0,0,0,0,0,0,0,0,0,0,0,0,0,0,0,0,0,0,0,0,0,0,0,0,0,0,0,0,0,0,0,0,0,2,1,1,2,1,0,0,2,2,3,0,1,0,3,4,2,1,4,2,1,1,4,3,1,4,1,0,4,5,3,3,2,3,1,8,8,2,6,5,2,2,6,2,7,9,10,0,2,3,8,11,6,8,12,4,8,11,9,13,26,27,19,49,34,29,41,50,27,19,49,58,44,32,34,19,10,43,24,23,24,27,16,6,1
Q. Roo,https://d1yjjnpx0p53s8.cloudfront.net/styles/logo-thumbnail/s3/072012/escudo_quinanaroo.png?itok=VTFjLHXV,0,0,0,0,0,0,0,0,0,0,0,0,0,0,0,0,0,0,0,0,0,0,0,0,0,0,0,0,0,0,0,0,0,0,0,0,0,0,0,0,0,0,0,0,0,0,0,0,0,0,0,0,0,0,0,0,0,0,0,2,1,0,4,0,3,4,2,5,1,3,4,4,9,11,9,7,7,3,21,14,23,11,13,9,10,32,20,26,8,22,17,22,22,18,21,32,34,42,23,43,42,34,47,23,30,32,44,42,37,33,30,68,30,32,22,40,38,26,18,22,43,38,28,40,21,19,12,45,35,43,39,44,38,24,48,32,42,42,41,21,9,0
S.L.P.,https://seeklogo.com/images/E/Escudo_de_San_Luis_Potosi-logo-C22D7548AC-seeklogo.com.png,0,0,0,0,0,0,0,0,0,0,0,0,0,0,0,0,0,0,0,0,0,0,0,0,0,0,0,0,0,0,0,0,0,0,0,0,0,0,0,0,0,0,0,0,0,0,0,0,0,0,0,0,0,0,0,0,0,0,0,0,0,2,0,0,1,5,1,3,3,4,1,2,0,0,1,6,0,6,3,2,0,0,0,3,2,3,6,4,4,1,3,0,1,1,2,2,7,1,0,1,3,3,5,4,7,3,15,17,9,10,14,13,11,29,17,34,13,26,13,19,31,23,23,33,29,25,15,34,24,38,37,55,20,20,47,34,49,33,41,17,10,0
SINALOA,https://upload.wikimedia.org/wikipedia/commons/thumb/c/cc/Flag_of_Sinaloa.svg/1200px-Flag_of_Sinaloa.svg.png,0,0,0,0,0,0,0,0,0,0,0,0,0,0,0,0,0,1,0,0,0,0,0,0,0,0,0,0,0,0,0,0,0,0,0,0,0,0,0,0,0,0,0,0,0,0,0,0,0,0,0,0,0,0,0,0,0,0,0,0,0,1,0,0,1,1,0,2,1,0,1,2,6,8,9,9,5,6,11,15,14,28,10,12,15,27,20,29,12,33,23,22,46,49,48,40,38,30,32,62,46,48,69,74,45,38,74,49,57,61,54,51,29,73,49,82,61,58,49,41,68,82,77,96,93,63,59,136,101,116,114,138,53,73,157,174,176,89,54,3,0,0
SONORA,https://upload.wikimedia.org/wikipedia/commons/thumb/8/8b/Coat_of_arms_of_Sonora.svg/1200px-Coat_of_arms_of_Sonora.svg.png,0,0,0,0,0,0,0,0,0,0,0,0,0,0,0,0,0,0,0,0,0,0,0,0,0,0,0,0,0,0,0,0,0,0,0,0,0,0,0,0,0,0,0,0,0,0,0,0,0,0,0,0,0,0,0,0,0,0,0,0,0,0,0,1,0,1,0,0,1,1,0,3,4,3,1,5,4,0,1,5,1,3,1,7,2,11,10,11,5,5,5,3,16,6,13,8,10,14,7,7,14,17,6,19,9,15,32,15,18,27,22,31,26,62,52,39,38,55,43,29,62,57,94,60,93,50,59,130,91,90,91,103,83,65,152,137,125,46,1,0,1,0
TABASCO,https://pbs.twimg.com/profile_images/1197924459123888128/Hd472YKK_400x400.jpg,0,0,0,0,0,0,0,0,0,0,0,0,0,0,0,0,0,0,0,0,0,0,0,0,0,0,0,0,0,0,0,0,0,0,0,0,0,0,0,0,0,0,0,0,0,0,0,0,0,0,0,0,0,0,0,0,0,0,0,0,0,0,0,0,0,1,3,2,2,0,0,3,12,3,5,11,1,9,10,11,9,15,20,3,9,7,13,17,11,15,19,27,30,47,38,44,57,48,41,73,83,65,63,63,41,40,58,57,50,83,50,45,46,84,73,96,103,81,53,64,113,87,115,126,144,86,79,121,107,158,140,135,96,80,171,188,216,197,154,97,55,30
Tamps.,https://upload.wikimedia.org/wikipedia/commons/thumb/9/90/Coat_of_arms_of_Tamaulipas.svg/1200px-Coat_of_arms_of_Tamaulipas.svg.png,0,0,0,0,0,0,0,0,0,0,0,0,0,0,0,0,0,0,0,0,0,0,0,0,0,0,0,0,0,0,0,0,0,0,0,0,0,0,0,0,0,0,0,0,0,0,0,0,0,0,0,0,0,0,0,0,0,0,0,0,0,0,0,1,1,0,0,1,1,0,2,1,1,0,0,1,3,3,4,5,8,1,9,3,4,10,5,3,5,9,4,9,13,19,16,28,31,14,8,25,18,28,33,25,38,34,24,40,35,18,30,27,24,38,31,44,40,28,27,20,34,36,39,31,58,48,16,57,44,59,59,38,27,31,77,89,83,45,9,0,0,0
TLAXCALA,https://seeklogo.com/images/A/ayuntamiento-tlaxcala-capital-logo-A880CDC91D-seeklogo.com.png,0,0,0,0,0,0,0,0,0,0,0,0,0,0,0,0,0,0,0,0,0,0,0,0,0,0,0,0,0,0,0,0,0,0,0,0,0,0,0,0,0,0,0,0,0,0,0,0,0,0,0,0,0,0,0,0,0,0,0,0,0,0,0,0,0,0,0,0,0,0,0,1,1,0,0,1,2,0,1,0,4,1,0,2,6,8,7,6,1,5,6,2,5,7,4,7,6,4,10,8,10,7,12,15,21,13,15,25,8,15,9,16,6,24,16,23,17,20,20,15,35,38,38,21,35,29,24,41,49,39,48,43,28,15,59,34,30,34,35,19,4,4
VERACRUZ,https://logoeps.com/wp-content/uploads/2013/01/escudo-veracruz-logo-vector.png,0,0,0,0,0,0,0,0,0,0,0,0,0,0,0,0,0,0,0,0,0,0,0,0,0,0,0,0,0,0,0,0,0,0,0,0,0,0,0,0,0,0,0,0,0,0,0,0,0,0,0,0,0,0,0,0,0,0,0,0,0,0,0,2,0,0,7,5,1,1,0,4,2,2,5,1,1,1,3,2,9,6,8,2,2,6,11,5,12,9,14,9,14,13,30,39,35,18,18,35,45,30,51,48,45,29,68,74,74,62,66,64,58,95,103,105,117,102,78,67,141,121,134,166,185,127,84,153,145,170,168,162,94,95,172,163,119,91,59,40,8,1
YUCATAN,https://lh3.googleusercontent.com/proxy/f9zDmtnHChSCtNW8KzcQuijUV9qL1N67c1I26UfBdgIiJVIULXWkzQui7CIjadBWy_fJJUbbpL3d6-ziqRrK2RjJM9Y-pKKEty3r,0,0,0,0,0,0,0,0,0,0,0,0,0,0,0,0,0,0,0,0,0,0,0,0,0,0,0,0,0,0,0,0,0,0,0,0,0,0,0,0,0,0,0,0,0,0,0,0,0,0,0,0,0,0,0,0,0,0,0,0,1,0,0,4,2,6,0,2,6,0,8,5,8,3,0,2,4,2,10,4,8,2,8,2,5,12,13,9,11,4,6,7,18,18,26,12,15,6,6,26,20,22,34,33,24,20,37,42,32,60,26,27,30,48,44,33,37,35,17,26,43,52,59,57,38,31,49,54,52,58,68,57,33,29,49,50,57,59,41,28,15,12
ZACATECAS,https://seeklogo.com/images/G/gobierno-zacatecas-logo-5018586E94-seeklogo.com.png,0,0,0,0,0,0,0,0,0,0,0,0,0,0,0,0,0,0,0,0,0,0,0,0,0,0,0,0,0,0,0,0,0,0,0,0,0,0,0,0,0,0,0,0,0,0,0,0,0,0,0,0,0,0,0,0,0,0,0,0,0,0,0,0,1,0,0,0,1,1,1,0,1,0,0,4,1,0,0,0,0,1,0,1,1,1,0,2,2,0,2,1,0,1,6,3,2,7,1,9,2,2,8,5,4,3,4,10,9,4,7,7,2,5,5,11,9,9,4,2,9,3,8,13,8,2,3,5,0,15,6,9,9,6,10,11,4,7,13,7,1,0